-- MariaDB dump 10.19  Distrib 10.6.7-MariaDB, for debian-linux-gnu (x86_64)
--
-- Host: localhost    Database: onboarding
-- ------------------------------------------------------
-- Server version	10.6.7-MariaDB-1:10.6.7+maria~focal

/*!40101 SET @OLD_CHARACTER_SET_CLIENT=@@CHARACTER_SET_CLIENT */;
/*!40101 SET @OLD_CHARACTER_SET_RESULTS=@@CHARACTER_SET_RESULTS */;
/*!40101 SET @OLD_COLLATION_CONNECTION=@@COLLATION_CONNECTION */;
/*!40101 SET NAMES utf8mb4 */;
/*!40103 SET @OLD_TIME_ZONE=@@TIME_ZONE */;
/*!40103 SET TIME_ZONE='+00:00' */;
/*!40014 SET @OLD_UNIQUE_CHECKS=@@UNIQUE_CHECKS, UNIQUE_CHECKS=0 */;
/*!40014 SET @OLD_FOREIGN_KEY_CHECKS=@@FOREIGN_KEY_CHECKS, FOREIGN_KEY_CHECKS=0 */;
/*!40101 SET @OLD_SQL_MODE=@@SQL_MODE, SQL_MODE='NO_AUTO_VALUE_ON_ZERO' */;
/*!40111 SET @OLD_SQL_NOTES=@@SQL_NOTES, SQL_NOTES=0 */;

--
-- Table structure for table `backers`
--

DROP TABLE IF EXISTS `backers`;
/*!40101 SET @saved_cs_client     = @@character_set_client */;
/*!40101 SET character_set_client = utf8 */;
CREATE TABLE `backers` (
  `id` bigint(20) NOT NULL AUTO_INCREMENT,
  `name` varchar(20) NOT NULL,
  PRIMARY KEY (`id`)
) ENGINE=InnoDB AUTO_INCREMENT=26 DEFAULT CHARSET=utf8mb4;
/*!40101 SET character_set_client = @saved_cs_client */;

--
-- Dumping data for table `backers`
--

LOCK TABLES `backers` WRITE;
/*!40000 ALTER TABLE `backers` DISABLE KEYS */;
INSERT INTO `backers` VALUES (1,'정재영'),(2,'박해일'),(3,'유준상'),(4,'유선'),(5,'허준호'),(6,'유해진'),(7,'류승룡'),(8,'이하늬'),(9,'진선규'),(10,'이동휘'),(11,'공명'),(12,'조승우'),(13,'김혜수'),(14,'백윤식'),(15,'공유'),(16,'정유미'),(17,'마동석'),(18,'김수안'),(19,'김의성'),(20,'최우식'),(21,'곽도원'),(22,'황정민'),(23,'쿠니무라'),(24,'천우희'),(25,'김환희');
/*!40000 ALTER TABLE `backers` ENABLE KEYS */;
UNLOCK TABLES;

--
-- Table structure for table `details`
--

DROP TABLE IF EXISTS `details`;
/*!40101 SET @saved_cs_client     = @@character_set_client */;
/*!40101 SET character_set_client = utf8 */;
CREATE TABLE `details` (
  `id` bigint(20) NOT NULL AUTO_INCREMENT,
  `target_amount` int(11) NOT NULL,
  `amount_per_session` int(11) NOT NULL,
  `total_amount` int(11) NOT NULL,
  `total_quantity` int(11) NOT NULL,
  `achievement_rate` int(11) NOT NULL,
  `total_backers` int(11) NOT NULL,
  `product_id` bigint(20) NOT NULL,
  PRIMARY KEY (`id`),
  UNIQUE KEY `product_id` (`product_id`),
  CONSTRAINT `details_product_id_489bc558_fk_products_id` FOREIGN KEY (`product_id`) REFERENCES `products` (`id`)
) ENGINE=InnoDB AUTO_INCREMENT=11 DEFAULT CHARSET=utf8mb4;
/*!40101 SET character_set_client = @saved_cs_client */;

--
-- Dumping data for table `details`
--

LOCK TABLES `details` WRITE;
/*!40000 ALTER TABLE `details` DISABLE KEYS */;
INSERT INTO `details` VALUES (1,3000000,200000,5000000,25,167,7,1),(2,8000000,400000,4000000,10,50,9,2),(3,5000000,200000,5600000,28,112,12,3),(4,30000000,300000,2700000,9,9,9,4),(5,80000000,100000,7900000,79,10,25,5),(6,200000000,200000,74000000,370,37,25,6),(7,180000000,500000,275500000,551,153,21,7),(8,300000000,300000,104100000,347,35,16,8),(9,40000000,200000,9200000,46,23,9,9),(10,35000000,150000,13500000,90,39,13,10);
/*!40000 ALTER TABLE `details` ENABLE KEYS */;
UNLOCK TABLES;

--
-- Table structure for table `django_content_type`
--

DROP TABLE IF EXISTS `django_content_type`;
/*!40101 SET @saved_cs_client     = @@character_set_client */;
/*!40101 SET character_set_client = utf8 */;
CREATE TABLE `django_content_type` (
  `id` int(11) NOT NULL AUTO_INCREMENT,
  `app_label` varchar(100) NOT NULL,
  `model` varchar(100) NOT NULL,
  PRIMARY KEY (`id`),
  UNIQUE KEY `django_content_type_app_label_model_76bd3d3b_uniq` (`app_label`,`model`)
) ENGINE=InnoDB AUTO_INCREMENT=8 DEFAULT CHARSET=utf8mb4;
/*!40101 SET character_set_client = @saved_cs_client */;

--
-- Dumping data for table `django_content_type`
--

LOCK TABLES `django_content_type` WRITE;
/*!40000 ALTER TABLE `django_content_type` DISABLE KEYS */;
INSERT INTO `django_content_type` VALUES (1,'contenttypes','contenttype'),(6,'members','backer'),(7,'members','publisher'),(5,'products','detail'),(3,'products','funding'),(4,'products','product'),(2,'sessions','session');
/*!40000 ALTER TABLE `django_content_type` ENABLE KEYS */;
UNLOCK TABLES;

--
-- Table structure for table `django_migrations`
--

DROP TABLE IF EXISTS `django_migrations`;
/*!40101 SET @saved_cs_client     = @@character_set_client */;
/*!40101 SET character_set_client = utf8 */;
CREATE TABLE `django_migrations` (
  `id` bigint(20) NOT NULL AUTO_INCREMENT,
  `app` varchar(255) NOT NULL,
  `name` varchar(255) NOT NULL,
  `applied` datetime(6) NOT NULL,
  PRIMARY KEY (`id`)
) ENGINE=InnoDB AUTO_INCREMENT=6 DEFAULT CHARSET=utf8mb4;
/*!40101 SET character_set_client = @saved_cs_client */;

--
-- Dumping data for table `django_migrations`
--

LOCK TABLES `django_migrations` WRITE;
/*!40000 ALTER TABLE `django_migrations` DISABLE KEYS */;
INSERT INTO `django_migrations` VALUES (1,'contenttypes','0001_initial','2022-04-14 14:55:51.064941'),(2,'contenttypes','0002_remove_content_type_name','2022-04-14 14:55:51.090613'),(3,'members','0001_initial','2022-04-14 14:55:51.105532'),(4,'products','0001_initial','2022-04-14 14:55:51.190923'),(5,'sessions','0001_initial','2022-04-14 14:55:51.209926');
/*!40000 ALTER TABLE `django_migrations` ENABLE KEYS */;
UNLOCK TABLES;

--
-- Table structure for table `django_session`
--

DROP TABLE IF EXISTS `django_session`;
/*!40101 SET @saved_cs_client     = @@character_set_client */;
/*!40101 SET character_set_client = utf8 */;
CREATE TABLE `django_session` (
  `session_key` varchar(40) NOT NULL,
  `session_data` longtext NOT NULL,
  `expire_date` datetime(6) NOT NULL,
  PRIMARY KEY (`session_key`),
  KEY `django_session_expire_date_a5c62663` (`expire_date`)
) ENGINE=InnoDB DEFAULT CHARSET=utf8mb4;
/*!40101 SET character_set_client = @saved_cs_client */;

--
-- Dumping data for table `django_session`
--

LOCK TABLES `django_session` WRITE;
/*!40000 ALTER TABLE `django_session` DISABLE KEYS */;
/*!40000 ALTER TABLE `django_session` ENABLE KEYS */;
UNLOCK TABLES;

--
-- Table structure for table `fundings`
--

DROP TABLE IF EXISTS `fundings`;
/*!40101 SET @saved_cs_client     = @@character_set_client */;
/*!40101 SET character_set_client = utf8 */;
CREATE TABLE `fundings` (
  `id` bigint(20) NOT NULL AUTO_INCREMENT,
  `created_datetime` datetime(6) NOT NULL,
  `updated_datetime` datetime(6) NOT NULL,
  `quantity` int(11) NOT NULL,
  `backer_id` bigint(20) DEFAULT NULL,
  `product_id` bigint(20) NOT NULL,
  PRIMARY KEY (`id`),
  KEY `fundings_product_id_aeb387e5_fk_products_id` (`product_id`),
  KEY `fundings_backer_id_3ed21f80_fk_backers_id` (`backer_id`),
  CONSTRAINT `fundings_backer_id_3ed21f80_fk_backers_id` FOREIGN KEY (`backer_id`) REFERENCES `backers` (`id`),
  CONSTRAINT `fundings_product_id_aeb387e5_fk_products_id` FOREIGN KEY (`product_id`) REFERENCES `products` (`id`)
) ENGINE=InnoDB AUTO_INCREMENT=147 DEFAULT CHARSET=utf8mb4;
/*!40101 SET character_set_client = @saved_cs_client */;

--
-- Dumping data for table `fundings`
--

LOCK TABLES `fundings` WRITE;
/*!40000 ALTER TABLE `fundings` DISABLE KEYS */;
INSERT INTO `fundings` VALUES (1,'2022-04-14 14:56:31.616110','2022-04-14 14:56:31.616130',5,2,1),(2,'2022-04-14 14:56:31.618570','2022-04-14 14:56:31.618583',3,5,1),(3,'2022-04-14 14:56:31.620411','2022-04-14 14:56:31.620443',1,6,1),(4,'2022-04-14 14:56:31.622141','2022-04-14 14:56:31.622161',8,9,1),(5,'2022-04-14 14:56:31.623849','2022-04-14 14:56:31.623873',4,12,1),(6,'2022-04-14 14:56:31.625336','2022-04-14 14:56:31.625348',2,20,1),(7,'2022-04-14 14:56:31.626689','2022-04-14 14:56:31.626699',2,15,1),(8,'2022-04-14 14:56:31.628003','2022-04-14 14:56:31.628013',1,1,2),(9,'2022-04-14 14:56:31.629376','2022-04-14 14:56:31.629388',1,6,2),(10,'2022-04-14 14:56:31.630702','2022-04-14 14:56:31.630711',1,3,2),(11,'2022-04-14 14:56:31.632095','2022-04-14 14:56:31.632105',1,9,2),(12,'2022-04-14 14:56:31.633429','2022-04-14 14:56:31.633439',1,10,2),(13,'2022-04-14 14:56:31.634784','2022-04-14 14:56:31.634795',1,23,2),(14,'2022-04-14 14:56:31.636103','2022-04-14 14:56:31.636115',1,22,2),(15,'2022-04-14 14:56:31.638062','2022-04-14 14:56:31.638080',1,21,2),(16,'2022-04-14 14:56:31.640003','2022-04-14 14:56:31.640041',2,2,2),(17,'2022-04-14 14:56:31.642386','2022-04-14 14:56:31.642404',2,1,3),(18,'2022-04-14 14:56:31.644008','2022-04-14 14:56:31.644020',3,3,3),(19,'2022-04-14 14:56:31.645382','2022-04-14 14:56:31.645392',5,4,3),(20,'2022-04-14 14:56:31.647300','2022-04-14 14:56:31.647310',1,5,3),(21,'2022-04-14 14:56:31.648701','2022-04-14 14:56:31.648712',3,8,3),(22,'2022-04-14 14:56:31.650048','2022-04-14 14:56:31.650058',2,13,3),(23,'2022-04-14 14:56:31.651415','2022-04-14 14:56:31.651425',4,10,3),(24,'2022-04-14 14:56:31.653642','2022-04-14 14:56:31.653702',3,19,3),(25,'2022-04-14 14:56:31.656259','2022-04-14 14:56:31.656281',1,17,3),(26,'2022-04-14 14:56:31.658543','2022-04-14 14:56:31.658559',1,22,3),(27,'2022-04-14 14:56:31.660395','2022-04-14 14:56:31.660407',1,24,3),(28,'2022-04-14 14:56:31.661825','2022-04-14 14:56:31.661836',2,2,3),(29,'2022-04-14 14:56:31.663213','2022-04-14 14:56:31.663224',1,1,4),(30,'2022-04-14 14:56:31.664643','2022-04-14 14:56:31.664657',1,11,4),(31,'2022-04-14 14:56:31.666110','2022-04-14 14:56:31.666121',1,21,4),(32,'2022-04-14 14:56:31.667583','2022-04-14 14:56:31.667594',1,19,4),(33,'2022-04-14 14:56:31.669089','2022-04-14 14:56:31.669100',1,15,4),(34,'2022-04-14 14:56:31.671377','2022-04-14 14:56:31.671398',1,18,4),(35,'2022-04-14 14:56:31.673182','2022-04-14 14:56:31.673202',1,13,4),(36,'2022-04-14 14:56:31.675466','2022-04-14 14:56:31.675486',1,12,4),(37,'2022-04-14 14:56:31.677211','2022-04-14 14:56:31.677226',1,23,4),(38,'2022-04-14 14:56:31.678804','2022-04-14 14:56:31.678817',2,1,5),(39,'2022-04-14 14:56:31.680263','2022-04-14 14:56:31.680274',3,2,5),(40,'2022-04-14 14:56:31.681745','2022-04-14 14:56:31.681756',2,3,5),(41,'2022-04-14 14:56:31.683166','2022-04-14 14:56:31.683176',1,4,5),(42,'2022-04-14 14:56:31.684684','2022-04-14 14:56:31.684695',3,5,5),(43,'2022-04-14 14:56:31.686215','2022-04-14 14:56:31.686227',7,6,5),(44,'2022-04-14 14:56:31.688392','2022-04-14 14:56:31.688410',5,7,5),(45,'2022-04-14 14:56:31.690451','2022-04-14 14:56:31.690485',9,8,5),(46,'2022-04-14 14:56:31.692366','2022-04-14 14:56:31.692384',4,9,5),(47,'2022-04-14 14:56:31.693816','2022-04-14 14:56:31.693828',4,10,5),(48,'2022-04-14 14:56:31.695167','2022-04-14 14:56:31.695177',6,11,5),(49,'2022-04-14 14:56:31.696485','2022-04-14 14:56:31.696495',2,12,5),(50,'2022-04-14 14:56:31.697815','2022-04-14 14:56:31.697825',1,13,5),(51,'2022-04-14 14:56:31.699140','2022-04-14 14:56:31.699150',5,14,5),(52,'2022-04-14 14:56:31.700500','2022-04-14 14:56:31.700510',5,15,5),(53,'2022-04-14 14:56:31.701834','2022-04-14 14:56:31.701843',3,16,5),(54,'2022-04-14 14:56:31.703277','2022-04-14 14:56:31.703299',2,17,5),(55,'2022-04-14 14:56:31.705054','2022-04-14 14:56:31.705068',2,18,5),(56,'2022-04-14 14:56:31.706434','2022-04-14 14:56:31.706447',2,19,5),(57,'2022-04-14 14:56:31.708556','2022-04-14 14:56:31.708570',2,20,5),(58,'2022-04-14 14:56:31.710016','2022-04-14 14:56:31.710027',2,21,5),(59,'2022-04-14 14:56:31.711485','2022-04-14 14:56:31.711497',1,22,5),(60,'2022-04-14 14:56:31.712963','2022-04-14 14:56:31.712974',2,23,5),(61,'2022-04-14 14:56:31.714456','2022-04-14 14:56:31.714467',2,24,5),(62,'2022-04-14 14:56:31.715881','2022-04-14 14:56:31.715892',2,25,5),(63,'2022-04-14 14:56:31.717459','2022-04-14 14:56:31.717470',13,1,6),(64,'2022-04-14 14:56:31.718862','2022-04-14 14:56:31.718872',15,2,6),(65,'2022-04-14 14:56:31.720368','2022-04-14 14:56:31.720380',21,3,6),(66,'2022-04-14 14:56:31.721854','2022-04-14 14:56:31.721866',12,4,6),(67,'2022-04-14 14:56:31.723321','2022-04-14 14:56:31.723332',13,5,6),(68,'2022-04-14 14:56:31.724823','2022-04-14 14:56:31.724835',16,6,6),(69,'2022-04-14 14:56:31.726312','2022-04-14 14:56:31.726323',8,7,6),(70,'2022-04-14 14:56:31.727747','2022-04-14 14:56:31.727758',15,8,6),(71,'2022-04-14 14:56:31.729527','2022-04-14 14:56:31.729538',8,9,6),(72,'2022-04-14 14:56:31.731344','2022-04-14 14:56:31.731354',14,10,6),(73,'2022-04-14 14:56:31.733416','2022-04-14 14:56:31.733428',4,11,6),(74,'2022-04-14 14:56:31.735286','2022-04-14 14:56:31.735297',20,12,6),(75,'2022-04-14 14:56:31.736750','2022-04-14 14:56:31.736762',7,13,6),(76,'2022-04-14 14:56:31.738503','2022-04-14 14:56:31.738522',12,14,6),(77,'2022-04-14 14:56:31.740299','2022-04-14 14:56:31.740317',9,15,6),(78,'2022-04-14 14:56:31.742283','2022-04-14 14:56:31.742303',8,16,6),(79,'2022-04-14 14:56:31.744329','2022-04-14 14:56:31.744346',12,17,6),(80,'2022-04-14 14:56:31.745985','2022-04-14 14:56:31.746001',22,18,6),(81,'2022-04-14 14:56:31.747524','2022-04-14 14:56:31.747536',15,19,6),(82,'2022-04-14 14:56:31.748992','2022-04-14 14:56:31.749004',25,20,6),(83,'2022-04-14 14:56:31.750513','2022-04-14 14:56:31.750524',11,21,6),(84,'2022-04-14 14:56:31.752128','2022-04-14 14:56:31.752143',17,22,6),(85,'2022-04-14 14:56:31.754348','2022-04-14 14:56:31.754369',19,23,6),(86,'2022-04-14 14:56:31.756236','2022-04-14 14:56:31.756259',34,24,6),(87,'2022-04-14 14:56:31.758464','2022-04-14 14:56:31.758493',20,25,6),(88,'2022-04-14 14:56:31.760177','2022-04-14 14:56:31.760192',19,1,7),(89,'2022-04-14 14:56:31.761677','2022-04-14 14:56:31.761689',22,2,7),(90,'2022-04-14 14:56:31.763056','2022-04-14 14:56:31.763067',30,3,7),(91,'2022-04-14 14:56:31.764416','2022-04-14 14:56:31.764426',43,4,7),(92,'2022-04-14 14:56:31.765788','2022-04-14 14:56:31.765799',20,5,7),(93,'2022-04-14 14:56:31.767172','2022-04-14 14:56:31.767184',29,6,7),(94,'2022-04-14 14:56:31.769101','2022-04-14 14:56:31.769113',50,7,7),(95,'2022-04-14 14:56:31.770906','2022-04-14 14:56:31.770923',10,8,7),(96,'2022-04-14 14:56:31.772386','2022-04-14 14:56:31.772398',3,9,7),(97,'2022-04-14 14:56:31.774079','2022-04-14 14:56:31.774097',5,10,7),(98,'2022-04-14 14:56:31.775539','2022-04-14 14:56:31.775551',20,11,7),(99,'2022-04-14 14:56:31.776917','2022-04-14 14:56:31.776927',29,12,7),(100,'2022-04-14 14:56:31.778278','2022-04-14 14:56:31.778287',30,13,7),(101,'2022-04-14 14:56:31.779655','2022-04-14 14:56:31.779667',51,14,7),(102,'2022-04-14 14:56:31.781323','2022-04-14 14:56:31.781338',33,15,7),(103,'2022-04-14 14:56:31.783298','2022-04-14 14:56:31.783309',49,16,7),(104,'2022-04-14 14:56:31.784743','2022-04-14 14:56:31.784754',30,17,7),(105,'2022-04-14 14:56:31.786224','2022-04-14 14:56:31.786235',27,18,7),(106,'2022-04-14 14:56:31.787660','2022-04-14 14:56:31.787674',16,19,7),(107,'2022-04-14 14:56:31.789187','2022-04-14 14:56:31.789199',18,20,7),(108,'2022-04-14 14:56:31.791036','2022-04-14 14:56:31.791046',17,21,7),(109,'2022-04-14 14:56:31.800156','2022-04-14 14:56:31.800170',30,6,8),(110,'2022-04-14 14:56:31.802231','2022-04-14 14:56:31.802244',28,7,8),(111,'2022-04-14 14:56:31.804027','2022-04-14 14:56:31.804038',17,8,8),(112,'2022-04-14 14:56:31.805814','2022-04-14 14:56:31.805827',1,9,8),(113,'2022-04-14 14:56:31.807261','2022-04-14 14:56:31.807272',45,10,8),(114,'2022-04-14 14:56:31.808709','2022-04-14 14:56:31.808720',16,11,8),(115,'2022-04-14 14:56:31.810217','2022-04-14 14:56:31.810229',30,12,8),(116,'2022-04-14 14:56:31.811647','2022-04-14 14:56:31.811658',35,13,8),(117,'2022-04-14 14:56:31.813025','2022-04-14 14:56:31.813036',10,14,8),(118,'2022-04-14 14:56:31.814434','2022-04-14 14:56:31.814445',22,15,8),(119,'2022-04-14 14:56:31.815917','2022-04-14 14:56:31.815927',14,16,8),(120,'2022-04-14 14:56:31.817260','2022-04-14 14:56:31.817270',30,17,8),(121,'2022-04-14 14:56:31.818636','2022-04-14 14:56:31.818646',23,18,8),(122,'2022-04-14 14:56:31.820009','2022-04-14 14:56:31.820019',10,19,8),(123,'2022-04-14 14:56:31.821696','2022-04-14 14:56:31.821718',19,20,8),(124,'2022-04-14 14:56:31.823558','2022-04-14 14:56:31.823577',17,21,8),(125,'2022-04-14 14:56:31.825263','2022-04-14 14:56:31.825276',3,1,9),(126,'2022-04-14 14:56:31.826677','2022-04-14 14:56:31.826687',2,2,9),(127,'2022-04-14 14:56:31.828119','2022-04-14 14:56:31.828131',6,3,9),(128,'2022-04-14 14:56:31.829545','2022-04-14 14:56:31.829557',1,4,9),(129,'2022-04-14 14:56:31.830878','2022-04-14 14:56:31.830888',6,5,9),(130,'2022-04-14 14:56:31.832262','2022-04-14 14:56:31.832273',3,6,9),(131,'2022-04-14 14:56:31.833691','2022-04-14 14:56:31.833700',5,7,9),(132,'2022-04-14 14:56:31.835601','2022-04-14 14:56:31.835611',9,8,9),(133,'2022-04-14 14:56:31.838334','2022-04-14 14:56:31.838353',11,9,9),(134,'2022-04-14 14:56:31.840562','2022-04-14 14:56:31.840589',3,1,10),(135,'2022-04-14 14:56:31.842239','2022-04-14 14:56:31.842254',5,3,10),(136,'2022-04-14 14:56:31.843807','2022-04-14 14:56:31.843818',8,5,10),(137,'2022-04-14 14:56:31.845188','2022-04-14 14:56:31.845198',2,7,10),(138,'2022-04-14 14:56:31.846659','2022-04-14 14:56:31.846670',2,9,10),(139,'2022-04-14 14:56:31.848018','2022-04-14 14:56:31.848029',2,11,10),(140,'2022-04-14 14:56:31.849410','2022-04-14 14:56:31.849420',21,13,10),(141,'2022-04-14 14:56:31.850751','2022-04-14 14:56:31.850762',5,15,10),(142,'2022-04-14 14:56:31.852163','2022-04-14 14:56:31.852173',27,17,10),(143,'2022-04-14 14:56:31.853679','2022-04-14 14:56:31.853690',10,19,10),(144,'2022-04-14 14:56:31.855608','2022-04-14 14:56:31.855629',3,21,10),(145,'2022-04-14 14:56:31.857332','2022-04-14 14:56:31.857347',1,23,10),(146,'2022-04-14 14:56:31.858933','2022-04-14 14:56:31.858944',1,25,10);
/*!40000 ALTER TABLE `fundings` ENABLE KEYS */;
UNLOCK TABLES;

--
-- Table structure for table `products`
--

DROP TABLE IF EXISTS `products`;
/*!40101 SET @saved_cs_client     = @@character_set_client */;
/*!40101 SET character_set_client = utf8 */;
CREATE TABLE `products` (
  `id` bigint(20) NOT NULL AUTO_INCREMENT,
  `created_datetime` datetime(6) NOT NULL,
  `updated_datetime` datetime(6) NOT NULL,
  `title` varchar(50) NOT NULL,
  `description` longtext NOT NULL,
  `end_date` date NOT NULL,
  `publisher_id` bigint(20) DEFAULT NULL,
  PRIMARY KEY (`id`),
  KEY `products_publisher_id_d3342585_fk_publishers_id` (`publisher_id`),
  CONSTRAINT `products_publisher_id_d3342585_fk_publishers_id` FOREIGN KEY (`publisher_id`) REFERENCES `publishers` (`id`)
) ENGINE=InnoDB AUTO_INCREMENT=11 DEFAULT CHARSET=utf8mb4;
/*!40101 SET character_set_client = @saved_cs_client */;

--
-- Dumping data for table `products`
--

LOCK TABLES `products` WRITE;
/*!40000 ALTER TABLE `products` DISABLE KEYS */;
INSERT INTO `products` VALUES (1,'2022-04-14 14:56:20.128142','2022-04-14 14:56:20.128164','꿀잠 레시피 베개','꿀잠 레시피 베개 펀딩 모집','2022-10-01',1),(2,'2022-04-14 14:56:20.131000','2022-04-14 14:56:20.131017','자동 변신 로봇 드론','자동 변신 로봇 드론 펀딩 모집','2022-06-30',3),(3,'2022-04-14 14:56:20.132188','2022-04-14 14:56:20.132201','신은듯 안 신은듯 한 등산화','신은듯 안 신은듯 한 등산화 펀딩 모집','2022-08-31',5),(4,'2022-04-14 14:56:20.133323','2022-04-14 14:56:20.133334','집집마다 아이스크림 기계','집집마다 아이스크림 기계 펀딩 모집','2022-07-20',6),(5,'2022-04-14 14:56:20.134358','2022-04-14 14:56:20.134369','신소재 청바지','신소재 청바지 펀딩 모집','2022-06-15',2),(6,'2022-04-14 14:56:20.135367','2022-04-14 14:56:20.135376','코로나 알약','코로나 알약 펀딩 모집','2022-12-05',3),(7,'2022-04-14 14:56:20.136336','2022-04-14 14:56:20.136346','탈모에서 탈출할 수 있는 크림','탈모에서 탈출할 수 있는 크림 펀딩 모집','2022-11-11',8),(8,'2022-04-14 14:56:20.137366','2022-04-14 14:56:20.137377','자체 제작 투명 망토','자체 제작 투명 망토 펀딩 모집','2022-04-11',1),(9,'2022-04-14 14:56:20.138411','2022-04-14 14:56:20.138421','자외선 차단 안경','자외선 차단 안경 펀딩 모집','2022-05-20',5),(10,'2022-04-14 14:56:20.139387','2022-04-14 14:56:20.139397','이탈리아 장인의 신발을 집 앞으로','이탈리아 장인의 신발을 집 앞으로 펀딩 모집','2022-04-25',6);
/*!40000 ALTER TABLE `products` ENABLE KEYS */;
UNLOCK TABLES;

--
-- Table structure for table `publishers`
--

DROP TABLE IF EXISTS `publishers`;
/*!40101 SET @saved_cs_client     = @@character_set_client */;
/*!40101 SET character_set_client = utf8 */;
CREATE TABLE `publishers` (
  `id` bigint(20) NOT NULL AUTO_INCREMENT,
  `name` varchar(20) NOT NULL,
  PRIMARY KEY (`id`)
) ENGINE=InnoDB AUTO_INCREMENT=11 DEFAULT CHARSET=utf8mb4;
/*!40101 SET character_set_client = @saved_cs_client */;

--
-- Dumping data for table `publishers`
--

LOCK TABLES `publishers` WRITE;
/*!40000 ALTER TABLE `publishers` DISABLE KEYS */;
INSERT INTO `publishers` VALUES (1,'삼전'),(2,'금성'),(3,'사과'),(4,'마소'),(5,'소박스'),(6,'타슬라'),(7,'우리사랑'),(8,'별벅스'),(9,'스파크샵'),(10,'바이마트');
/*!40000 ALTER TABLE `publishers` ENABLE KEYS */;
UNLOCK TABLES;
/*!40103 SET TIME_ZONE=@OLD_TIME_ZONE */;

/*!40101 SET SQL_MODE=@OLD_SQL_MODE */;
/*!40014 SET FOREIGN_KEY_CHECKS=@OLD_FOREIGN_KEY_CHECKS */;
/*!40014 SET UNIQUE_CHECKS=@OLD_UNIQUE_CHECKS */;
/*!40101 SET CHARACTER_SET_CLIENT=@OLD_CHARACTER_SET_CLIENT */;
/*!40101 SET CHARACTER_SET_RESULTS=@OLD_CHARACTER_SET_RESULTS */;
/*!40101 SET COLLATION_CONNECTION=@OLD_COLLATION_CONNECTION */;
/*!40111 SET SQL_NOTES=@OLD_SQL_NOTES */;

-- Dump completed on 2022-04-14 15:00:29
